<?xml version="1.0" encoding="UTF-8"?>
<beans xmlns="http://www.springframework.org/schema/beans"
       xmlns:xsi="http://www.w3.org/2001/XMLSchema-instance"
       xmlns:context="http://www.springframework.org/schema/context" xmlns:tx="http://www.springframework.org/schema/tx"
       xmlns:aop="http://www.springframework.org/schema/aop"
       xsi:schemaLocation="http://www.springframework.org/schema/beans http://www.springframework.org/schema/beans/spring-beans.xsd http://www.springframework.org/schema/context https://www.springframework.org/schema/context/spring-context.xsd http://www.springframework.org/schema/tx http://www.springframework.org/schema/tx/spring-tx.xsd http://www.springframework.org/schema/aop https://www.springframework.org/schema/aop/spring-aop.xsd">


    <!--开启注解的扫描，只处理service和dao，controller让SpringMVC去处理-->
    <context:component-scan base-package="com.kp" >
        <!--配置哪些注解不扫描-->
        <context:exclude-filter type="annotation" expression="org.springframework.stereotype.Controller" />
    </context:component-scan>

    <!--读入配置文件 -->
    <!--<bean id="propertyConfigurer" class="org.springframework.beans.factory.config.PropertyPlaceholderConfigurer">
        <property name="locations">
            <value>classpath*:db.properties</value>
        </property>
    </bean>-->
    <!--加载数据库配置文件-->
    <context:property-placeholder location="classpath:db.properties" />


    <!--Spring整合MyBatis框架-->
    <!--配置连接池-->
    <bean id="dataSource" class="com.mchange.v2.c3p0.ComboPooledDataSource">
        <property name="driverClass" value="${sql.driver}" />
        <property name="jdbcUrl" value="${sql.url}" />
        <property name="user" value="${sql.username}" />
        <property name="password" value="${sql.password}" />
        <!-- 配置初始化大小、最小、最大 -->
        <!--        <property name="initialSize" value="1" />-->
        <!--        <property name="minIdle" value="1" />-->
        <!--        <property name="maxActive" value="20" />-->

        <!-- 配置获取连接等待超时的时间 -->
        <!--        <property name="maxWait" value="60000" />-->
    </bean>

    <!-- 配置SqlsessionFactory工厂(上传头像要用的)-->
    <bean class="org.mybatis.spring.SqlSessionFactoryBean">
        <property name="dataSource" ref="dataSource"/>

        <!--加载mybatis的全局配置文件-->
        <!--<property name="configLocation" value="classpath:SqlMapConfig.xml"/>-->

        <!-- 加载mapper文件夹下的所有以.xml结尾的配置文件-->
        <!--指定需要使用别名的PO类所在的包-->
        <property name="typeAliasesPackage" value="com.kp.domain"/>
        <property name="mapperLocations" value="classpath:mapper/*.xml">
            <!--如果Mapper.xml与Mapper.class不在同一个包下或者不同名，就必须使用配置mapperLocations指定mapper.xml的位置。
                此时spring是通过识别mapper.xml中的 <mapper namespace="com.fan.mapper.UserDao"> namespace的值来确定对应的Mapper.class的。-->
        </property>

        <property name="plugins">
            <array>
                <bean class="com.github.pagehelper.PageInterceptor">
                    <property name="properties">
                        <!--使用下面的方式配置参数，一行配置一个 -->
                        <value>
                            helperDialect=postgresql
                            reasonable=true
                            supportMethodsArguments=true
                            params=count=countSql
                            autoRuntimeDialect=true
                        </value>
                    </property>
                </bean>
            </array>
        </property>

    </bean>


    <!--配置AccountDao接口所在包-->
    <!-- 自动扫描 将Mapper接口生成代理注入到Spring -->
    <bean class="org.mybatis.spring.mapper.MapperScannerConfigurer">
        <property name="basePackage" value="com.kp.dao"></property>
    </bean>

    <!--配置Spring框架声明式事务管理-->
    <!--配置事务管理器-->
    <bean id="transactionManager" class="org.springframework.jdbc.datasource.DataSourceTransactionManager">
        <property name="dataSource" ref="dataSource"/>
    </bean>


    <!--配置事务通知-->
    <tx:advice id="txAdvice" transaction-manager="transactionManager">
        <tx:attributes>
            <tx:method name="save*" propagation="REQUIRED"/>
            <tx:method name="delete*" propagation="REQUIRED"/>
            <tx:method name="update*" propagation="REQUIRED"/>
            <tx:method name="insert*" propagation="REQUIRED"/>
            <tx:method name="find*" propagation="SUPPORTS" read-only="true"/>
            <tx:method name="get*" propagation="SUPPORTS" read-only="true"/>
            <tx:method name="select*" propagation="SUPPORTS" read-only="true"/>
        </tx:attributes>
    </tx:advice>

    <!--配置AOP增强-->
    <aop:config>
        <aop:advisor advice-ref="txAdvice" pointcut="execution(* com.kp.service.impl.*.*(..))"/>
    </aop:config>

</beans>