<?xml version="1.0" encoding="UTF-8"?>
<beans xmlns="http://www.springframework.org/schema/beans"
       xmlns:xsi="http://www.w3.org/2001/XMLSchema-instance"
       xmlns:context="http://www.springframework.org/schema/context"
       xmlns:mvc="http://www.springframework.org/schema/mvc"
       xsi:schemaLocation="http://www.springframework.org/schema/beans http://www.springframework.org/schema/beans/spring-beans.xsd http://www.springframework.org/schema/context https://www.springframework.org/schema/context/spring-context.xsd http://www.springframework.org/schema/mvc https://www.springframework.org/schema/mvc/spring-mvc.xsd">


    <!--开启注解扫描，只扫描Controller注解-->
    <context:component-scan base-package="com.kp.controller"></context:component-scan>

    <!--配置的视图解析器对象-->
    <bean class="org.springframework.web.servlet.view.InternalResourceViewResolver">
        <property name="prefix" value="/view/"/>
        <property name="suffix" value=".jsp"/>
    </bean>

    <!--过滤静态资源-->
    <mvc:default-servlet-handler></mvc:default-servlet-handler>
    <!--<mvc:resources mapping="/css/" location="/resource/css/**"/>
    <mvc:resources mapping="/img/" location="/resource/img/**"/>
    <mvc:resources mapping="/js/" location="/resource/js/**"/>
    <mvc:resources mapping="/admin/" location="/view/admin/**"/>
    <mvc:resources mapping="/Home/" location="/view/Home/**"/>
    <mvc:resources mapping="/UserInfo/" location="/view/UserInfo/**"/>-->

    <!--开启springMVC注解的支持-->
    <mvc:annotation-driven/>

</beans>