<?xml version="1.0" encoding="UTF-8"?>
<!DOCTYPE configuration
        PUBLIC "-//mybatis.org//DTD Config 3.0//EN"
        "http://mybatis.org/dtd/mybatis-3-config.dtd">

<configuration>

    <typeAliases>
        <!--别名-->
        <package name="com.kp.domain"/>
    </typeAliases>


    <!--ForestBlog-->
    <!-- 全局配置 -->
    <!--<settings>
        &lt;!&ndash;允许 JDBC 支持自动生成主键&ndash;&gt;
        <setting name="useGeneratedKeys" value="false"/>
        &lt;!&ndash;是否开启自动驼峰命名规则（camel case）映射，即从经典数据库列名 A_COLUMN 到经典
            Java 属性名 aColumn 的类似映射。 &ndash;&gt;
        <setting name="mapUnderscoreToCamelCase" value="true"/>
    </settings>-->

    <!--<plugins>
        <plugin interceptor="com.github.pagehelper.PageHelper">
            &lt;!&ndash;<property name="dialect" value="mysql"/>&ndash;&gt;
            <property name="offsetAsPageNum" value="false"/>
            <property name="rowBoundsWithCount" value="false"/>
            <property name="pageSizeZero" value="true"/>
            <property name="reasonable" value="true"/>
            <property name="supportMethodsArguments" value="false"/>
            <property name="returnPageInfo" value="none"/>
        </plugin>
    </plugins>-->

</configuration>